{"accuracy_score": 0.8, "r2_score": 0.1024127983215316, "rmse": 0.4472135954999579, "mae": 0.0}