{"accuracy_score": 0.7783783783783784, "r2_score": -0.011333333333333417, "rmse": 0.4707670566443893, "mae": 0.0}